Servidor,VPN,Dia,Hora
gettec.es,NO,lunes,12:30:00 p. m.
aipg-tx.org,NO,lunes,12:30:00 p. m.
bmgs.com.au,NO,lunes,12:30:00 p. m.
gettec.es,EEUU-Denver,lunes,12:30:00 p. m.
aipg-tx.org,EEUU-Denver,lunes,12:30:00 p. m.
bmgs.com.au,EEUU-Denver,lunes,12:30:00 p. m.
gettec.es,Australia-Sydney,lunes,12:30:00 p. m.
aipg-tx.org,Australia-Sydney,lunes,12:30:00 p. m.
bmgs.com.au,Australia-Sydney,lunes,12:30:00 p. m.
gettec.es,NO,lunes,11:30:00 a. m.
aipg-tx.org,NO,lunes,11:30:00 a. m.
bmgs.com.au,NO,lunes,11:30:00 a. m.
gettec.es,EEUU-Denver,lunes,11:30:00 a. m.
aipg-tx.org,EEUU-Denver,lunes,11:30:00 a. m.
bmgs.com.au,EEUU-Denver,lunes,11:30:00 a. m.
gettec.es,Australia-Sydney,lunes,11:30:00 a. m.
aipg-tx.org,Australia-Sydney,lunes,11:30:00 a. m.
bmgs.com.au,Australia-Sydney,lunes,11:30:00 a. m.
gettec.es,NO,martes,12:30:00 p. m.
aipg-tx.org,NO,martes,12:30:00 p. m.
bmgs.com.au,NO,martes,12:30:00 p. m.
gettec.es,EEUU-Denver,martes,12:30:00 p. m.
aipg-tx.org,EEUU-Denver,martes,12:30:00 p. m.
bmgs.com.au,EEUU-Denver,martes,12:30:00 p. m.
gettec.es,Australia-Sydney,martes,12:30:00 p. m.
aipg-tx.org,Australia-Sydney,martes,12:30:00 p. m.
bmgs.com.au,Australia-Sydney,martes,12:30:00 p. m.
gettec.es,NO,martes,11:30:00 p. m.
aipg-tx.org,NO,martes,11:30:00 p. m.
bmgs.com.au,NO,martes,11:30:00 p. m.
gettec.es,EEUU-Denver,martes,11:30:00 p. m.
aipg-tx.org,EEUU-Denver,martes,11:30:00 p. m.
bmgs.com.au,EEUU-Denver,martes,11:30:00 p. m.
gettec.es,Australia-Sydney,martes,11:30:00 p. m.
aipg-tx.org,Australia-Sydney,martes,11:30:00 p. m.
bmgs.com.au,Australia-Sydney,martes,11:30:00 p. m.
gettec.es,NO,miércoles,12:30:00 p. m.
aipg-tx.org,NO,miércoles,12:30:00 p. m.
bmgs.com.au,NO,miércoles,12:30:00 p. m.
gettec.es,EEUU-Denver,miércoles,12:30:00 p. m.
aipg-tx.org,EEUU-Denver,miércoles,12:30:00 p. m.
bmgs.com.au,EEUU-Denver,miércoles,12:30:00 p. m.
gettec.es,Australia-Sydney,miércoles,12:30:00 p. m.
aipg-tx.org,Australia-Sydney,miércoles,12:30:00 p. m.
bmgs.com.au,Australia-Sydney,miércoles,12:30:00 p. m.
gettec.es,NO,miércoles,11:30:00 p. m.
aipg-tx.org,NO,miércoles,11:30:00 p. m.
bmgs.com.au,NO,miércoles,11:30:00 p. m.
gettec.es,EEUU-Denver,miércoles,11:30:00 p. m.
aipg-tx.org,EEUU-Denver,miércoles,11:30:00 p. m.
bmgs.com.au,EEUU-Denver,miércoles,11:30:00 p. m.
gettec.es,Australia-Sydney,miércoles,11:30:00 p. m.
aipg-tx.org,Australia-Sydney,miércoles,11:30:00 p. m.
bmgs.com.au,Australia-Sydney,miércoles,11:30:00 p. m.
gettec.es,NO,jueves,12:30:00 p. m.
aipg-tx.org,NO,jueves,12:30:00 p. m.
bmgs.com.au,NO,jueves,12:30:00 p. m.
gettec.es,EEUU-Denver,jueves,12:30:00 p. m.
aipg-tx.org,EEUU-Denver,jueves,12:30:00 p. m.
bmgs.com.au,EEUU-Denver,jueves,12:30:00 p. m.
gettec.es,Australia-Sydney,jueves,12:30:00 p. m.
aipg-tx.org,Australia-Sydney,jueves,12:30:00 p. m.
bmgs.com.au,Australia-Sydney,jueves,12:30:00 p. m.
gettec.es,NO,jueves,11:30:00 p. m.
aipg-tx.org,NO,jueves,11:30:00 p. m.
bmgs.com.au,NO,jueves,11:30:00 p. m.
gettec.es,EEUU-Denver,jueves,11:30:00 p. m.
aipg-tx.org,EEUU-Denver,jueves,11:30:00 p. m.
bmgs.com.au,EEUU-Denver,jueves,11:30:00 p. m.
gettec.es,Australia-Sydney,jueves,11:30:00 p. m.
aipg-tx.org,Australia-Sydney,jueves,11:30:00 p. m.
bmgs.com.au,Australia-Sydney,jueves,11:30:00 p. m.
gettec.es,NO,viernes,12:30:00 p. m.
aipg-tx.org,NO,viernes,12:30:00 p. m.
bmgs.com.au,NO,viernes,12:30:00 p. m.
gettec.es,EEUU-Denver,viernes,12:30:00 p. m.
aipg-tx.org,EEUU-Denver,viernes,12:30:00 p. m.
bmgs.com.au,EEUU-Denver,viernes,12:30:00 p. m.
gettec.es,Australia-Sydney,viernes,12:30:00 p. m.
aipg-tx.org,Australia-Sydney,viernes,12:30:00 p. m.
bmgs.com.au,Australia-Sydney,viernes,12:30:00 p. m.
gettec.es,NO,viernes,11:30:00 p. m.
aipg-tx.org,NO,viernes,11:30:00 p. m.
bmgs.com.au,NO,viernes,11:30:00 p. m.
gettec.es,EEUU-Denver,viernes,11:30:00 p. m.
aipg-tx.org,EEUU-Denver,viernes,11:30:00 p. m.
bmgs.com.au,EEUU-Denver,viernes,11:30:00 p. m.
gettec.es,Australia-Sydney,viernes,11:30:00 p. m.
aipg-tx.org,Australia-Sydney,viernes,11:30:00 p. m.
bmgs.com.au,Australia-Sydney,viernes,11:30:00 p. m.
